[{"model": "contenttypes.contenttype", "pk": 1, "fields": {"app_label": "admin", "model": "logentry"}}, {"model": "contenttypes.contenttype", "pk": 2, "fields": {"app_label": "auth", "model": "permission"}}, {"model": "contenttypes.contenttype", "pk": 3, "fields": {"app_label": "auth", "model": "group"}}, {"model": "contenttypes.contenttype", "pk": 4, "fields": {"app_label": "auth", "model": "user"}}, {"model": "contenttypes.contenttype", "pk": 5, "fields": {"app_label": "contenttypes", "model": "contenttype"}}, {"model": "contenttypes.contenttype", "pk": 6, "fields": {"app_label": "sessions", "model": "session"}}, {"model": "contenttypes.contenttype", "pk": 7, "fields": {"app_label": "MyAppIADS", "model": "publisher"}}, {"model": "contenttypes.contenttype", "pk": 8, "fields": {"app_label": "MyAppIADS", "model": "book"}}, {"model": "contenttypes.contenttype", "pk": 9, "fields": {"app_label": "MyAppIADS", "model": "member"}}, {"model": "contenttypes.contenttype", "pk": 10, "fields": {"app_label": "MyAppIADS", "model": "order"}}, {"model": "contenttypes.contenttype", "pk": 11, "fields": {"app_label": "MyAppIADS", "model": "review"}}, {"model": "sessions.session", "pk": "1yboknfn69cvtp338jbhpx4odt708ex5", "fields": {"session_data": "ZDBjODc5YjQ5YzA5ZGFmNWE4NWJmMzE2NWM2YWE4NGJjN2I0Njg5NTp7Imx1Y2t5X251bSI6NjgsIl9zZXNzaW9uX2V4cGlyeSI6MzAwLCJfYXV0aF91c2VyX2lkIjoiMSIsIl9hdXRoX3VzZXJfYmFja2VuZCI6ImRqYW5nby5jb250cmliLmF1dGguYmFja2VuZHMuTW9kZWxCYWNrZW5kIiwiX2F1dGhfdXNlcl9oYXNoIjoiM2NjNGJiNGE2M2I1OTc4YjQwNjNmNDc3MTM4YThmMTQzYmE1OTFkMyJ9", "expire_date": "2019-11-21T02:14:00.293Z"}}, {"model": "sessions.session", "pk": "3335vgr98vydo51cidia7252yyrt0mod", "fields": {"session_data": "YzliYWIzZWI5ZWE0OWQ3Y2ViMDFiOWQ5NjNlYmYwNTg1OGI0MTMzYjp7fQ==", "expire_date": "2019-12-19T07:25:43.862Z"}}, {"model": "sessions.session", "pk": "4n7211hpsumjb9mpqi5tirth07vhyxge", "fields": {"session_data": "NWNkZGZkNzRjZGMyM2I4MzYwMmFkMWRkNTY4ZmVhMWVmOGMxODk2ZTp7Il9wYXNzd29yZF9yZXNldF90b2tlbiI6IjVjMC0wN2NjNzUzZmViOTRlNDFlYTIwYSJ9", "expire_date": "2019-12-19T07:55:23.785Z"}}, {"model": "sessions.session", "pk": "4nsjk7s26yz1io461zvkhmp4imr7lbfy", "fields": {"session_data": "YmYwZTkzOWM4ZTMzM2Q1ZjhlNWNkM2M0YjYyNjFkZmFjNzc4ZDFjNzp7Il9hdXRoX3VzZXJfaWQiOiIxIiwiX2F1dGhfdXNlcl9iYWNrZW5kIjoiZGphbmdvLmNvbnRyaWIuYXV0aC5iYWNrZW5kcy5Nb2RlbEJhY2tlbmQiLCJfYXV0aF91c2VyX2hhc2giOiIzY2M0YmI0YTYzYjU5NzhiNDA2M2Y0NzcxMzhhOGYxNDNiYTU5MWQzIn0=", "expire_date": "2019-10-16T23:05:58.791Z"}}, {"model": "sessions.session", "pk": "4nwispxizkw1axamr68v1gc17fyw7ves", "fields": {"session_data": "YzliYWIzZWI5ZWE0OWQ3Y2ViMDFiOWQ5NjNlYmYwNTg1OGI0MTMzYjp7fQ==", "expire_date": "2019-12-19T06:11:52.940Z"}}, {"model": "sessions.session", "pk": "cyigzwjcj7pzihx3qurmutfjwvpglbmr", "fields": {"session_data": "YmYwZTkzOWM4ZTMzM2Q1ZjhlNWNkM2M0YjYyNjFkZmFjNzc4ZDFjNzp7Il9hdXRoX3VzZXJfaWQiOiIxIiwiX2F1dGhfdXNlcl9iYWNrZW5kIjoiZGphbmdvLmNvbnRyaWIuYXV0aC5iYWNrZW5kcy5Nb2RlbEJhY2tlbmQiLCJfYXV0aF91c2VyX2hhc2giOiIzY2M0YmI0YTYzYjU5NzhiNDA2M2Y0NzcxMzhhOGYxNDNiYTU5MWQzIn0=", "expire_date": "2019-12-04T21:45:18.919Z"}}, {"model": "sessions.session", "pk": "ebpuc588ob97jamykztycxiosertlf3y", "fields": {"session_data": "MDI0NDA3YmEzNzNiODFiNjI2NDc4NDUxZWY1M2E1ZDJhNWY4YzU3ZDp7Il9hdXRoX3VzZXJfaWQiOiIxIiwiX2F1dGhfdXNlcl9iYWNrZW5kIjoiZGphbmdvLmNvbnRyaWIuYXV0aC5iYWNrZW5kcy5Nb2RlbEJhY2tlbmQiLCJfYXV0aF91c2VyX2hhc2giOiIzY2M0YmI0YTYzYjU5NzhiNDA2M2Y0NzcxMzhhOGYxNDNiYTU5MWQzIiwibHVja3lfbnVtIjo1NSwiX3Nlc3Npb25fZXhwaXJ5IjozMDB9", "expire_date": "2019-11-20T22:59:51.893Z"}}, {"model": "sessions.session", "pk": "hrou1ivp940qvi5o65xfhtc4vzcgyr2y", "fields": {"session_data": "ZTVmNzdhMjlkNDA3OGFjZjcxOGNmNGU5ODgyZmMwNDgwODc3YzU2OTp7Il9hdXRoX3VzZXJfaWQiOiI4IiwiX2F1dGhfdXNlcl9iYWNrZW5kIjoiZGphbmdvLmNvbnRyaWIuYXV0aC5iYWNrZW5kcy5Nb2RlbEJhY2tlbmQiLCJfYXV0aF91c2VyX2hhc2giOiJmNDM2YzI1NThmNmI4ZWE3YzM5YmIyM2E1YmE1NGMzN2FhODNjODRiIiwibGFzdF9sb2dpbiI6IjIwMTktMTItMDQgMTg6MTA6MjEuNzg1MzI1IiwiX3Nlc3Npb25fZXhwaXJ5IjozMDAsInVzZXJuYW1lIjoiQ2hyaXNDb29rIiwibHVja3lfbnVtIjo3MH0=", "expire_date": "2019-12-04T23:35:11.266Z"}}, {"model": "sessions.session", "pk": "j4fhafju3fzw8n79uy5lihzn80nrozxc", "fields": {"session_data": "YmYwZTkzOWM4ZTMzM2Q1ZjhlNWNkM2M0YjYyNjFkZmFjNzc4ZDFjNzp7Il9hdXRoX3VzZXJfaWQiOiIxIiwiX2F1dGhfdXNlcl9iYWNrZW5kIjoiZGphbmdvLmNvbnRyaWIuYXV0aC5iYWNrZW5kcy5Nb2RlbEJhY2tlbmQiLCJfYXV0aF91c2VyX2hhc2giOiIzY2M0YmI0YTYzYjU5NzhiNDA2M2Y0NzcxMzhhOGYxNDNiYTU5MWQzIn0=", "expire_date": "2019-11-06T17:07:43.120Z"}}, {"model": "sessions.session", "pk": "jybqxdlkaebjl8efl4raz9liwc1ejftt", "fields": {"session_data": "YmYwZTkzOWM4ZTMzM2Q1ZjhlNWNkM2M0YjYyNjFkZmFjNzc4ZDFjNzp7Il9hdXRoX3VzZXJfaWQiOiIxIiwiX2F1dGhfdXNlcl9iYWNrZW5kIjoiZGphbmdvLmNvbnRyaWIuYXV0aC5iYWNrZW5kcy5Nb2RlbEJhY2tlbmQiLCJfYXV0aF91c2VyX2hhc2giOiIzY2M0YmI0YTYzYjU5NzhiNDA2M2Y0NzcxMzhhOGYxNDNiYTU5MWQzIn0=", "expire_date": "2019-12-11T17:57:26.924Z"}}, {"model": "sessions.session", "pk": "l6jwkszfq4jasgkuz75guu809nqsk5fk", "fields": {"session_data": "YzliYWIzZWI5ZWE0OWQ3Y2ViMDFiOWQ5NjNlYmYwNTg1OGI0MTMzYjp7fQ==", "expire_date": "2019-12-19T06:17:27.451Z"}}, {"model": "sessions.session", "pk": "lngq671ho0iwx79k9e6hazkort2gi6xu", "fields": {"session_data": "YmYwZTkzOWM4ZTMzM2Q1ZjhlNWNkM2M0YjYyNjFkZmFjNzc4ZDFjNzp7Il9hdXRoX3VzZXJfaWQiOiIxIiwiX2F1dGhfdXNlcl9iYWNrZW5kIjoiZGphbmdvLmNvbnRyaWIuYXV0aC5iYWNrZW5kcy5Nb2RlbEJhY2tlbmQiLCJfYXV0aF91c2VyX2hhc2giOiIzY2M0YmI0YTYzYjU5NzhiNDA2M2Y0NzcxMzhhOGYxNDNiYTU5MWQzIn0=", "expire_date": "2019-10-09T16:42:06.822Z"}}, {"model": "sessions.session", "pk": "m354avvq114fd46vt2qb4h4b8m0kayhy", "fields": {"session_data": "YjFmMzIzMDM3MzMxMzdlZTc5YmE0OWEzMWJiNTc5NWQ1NTVjYmMwNDp7Imx1Y2t5X251bSI6MTYsIl9zZXNzaW9uX2V4cGlyeSI6MzAwfQ==", "expire_date": "2019-12-04T23:41:35.559Z"}}, {"model": "sessions.session", "pk": "m8n6f0smlyiio6xyd56pqkwku2c2p984", "fields": {"session_data": "NGVkNTEzOTU4MTllNWVkMWFhMWFiMjljZDk4Yjg3ZjBjYzdkZDRlZTp7Il9hdXRoX3VzZXJfaWQiOiIxIiwiX2F1dGhfdXNlcl9iYWNrZW5kIjoiZGphbmdvLmNvbnRyaWIuYXV0aC5iYWNrZW5kcy5Nb2RlbEJhY2tlbmQiLCJfYXV0aF91c2VyX2hhc2giOiIzY2M0YmI0YTYzYjU5NzhiNDA2M2Y0NzcxMzhhOGYxNDNiYTU5MWQzIiwibGFzdF9sb2dpbiI6IjIwMTktMTEtMjcgMTI6NDE6MjYuMzMzODA2IiwiX3Nlc3Npb25fZXhwaXJ5IjozMDAsInVzZXJuYW1lIjoiZGVlcHJhaiIsImx1Y2t5X251bSI6NDZ9", "expire_date": "2019-11-27T17:46:31.537Z"}}, {"model": "sessions.session", "pk": "pdhbjmovxm50ugd7axqev7luqq1loy6n", "fields": {"session_data": "YzliYWIzZWI5ZWE0OWQ3Y2ViMDFiOWQ5NjNlYmYwNTg1OGI0MTMzYjp7fQ==", "expire_date": "2019-12-19T06:15:50.106Z"}}, {"model": "sessions.session", "pk": "t9hyf91fkux5kyk49vpzyflajn2uloq2", "fields": {"session_data": "MTY0YWQ1MjU0NWY1Yzk2ZjQzZTEyZDlmZTRkZWUxNjE2YzcwMjgwMjp7Il9hdXRoX3VzZXJfaWQiOiI4IiwiX2F1dGhfdXNlcl9iYWNrZW5kIjoiZGphbmdvLmNvbnRyaWIuYXV0aC5iYWNrZW5kcy5Nb2RlbEJhY2tlbmQiLCJfYXV0aF91c2VyX2hhc2giOiJmNDM2YzI1NThmNmI4ZWE3YzM5YmIyM2E1YmE1NGMzN2FhODNjODRiIiwibGFzdF9sb2dpbiI6IjIwMTktMTItMDQgMTk6MjA6NTQuNDQ5OTYwIiwiX3Nlc3Npb25fZXhwaXJ5IjozNjAwLCJ1c2VybmFtZSI6IkNocmlzQ29vayJ9", "expire_date": "2019-12-05T01:20:54.449Z"}}, {"model": "sessions.session", "pk": "typt5gnjpe3oi4alkvjzpw2ygg22bvfn", "fields": {"session_data": "YzliYWIzZWI5ZWE0OWQ3Y2ViMDFiOWQ5NjNlYmYwNTg1OGI0MTMzYjp7fQ==", "expire_date": "2019-12-19T06:14:22.170Z"}}, {"model": "sessions.session", "pk": "ul0ymvfhxcci8dgkd0yxd75eo9g0tw70", "fields": {"session_data": "YzliYWIzZWI5ZWE0OWQ3Y2ViMDFiOWQ5NjNlYmYwNTg1OGI0MTMzYjp7fQ==", "expire_date": "2019-12-19T09:10:40.273Z"}}, {"model": "sessions.session", "pk": "wjxhw5b7cmcboozc14iag18vyk386hfz", "fields": {"session_data": "OWJhMWQ1MzYwN2E2YWNiOTAyNzk0OTFiNjc1MGM1MGQzYzAwMTU1YTp7Il9hdXRoX3VzZXJfaWQiOiIxIiwiX2F1dGhfdXNlcl9iYWNrZW5kIjoiZGphbmdvLmNvbnRyaWIuYXV0aC5iYWNrZW5kcy5Nb2RlbEJhY2tlbmQiLCJfYXV0aF91c2VyX2hhc2giOiIzY2M0YmI0YTYzYjU5NzhiNDA2M2Y0NzcxMzhhOGYxNDNiYTU5MWQzIiwibGFzdF9sb2dpbiI6IjIwMTktMTEtMjAgMjE6MTg6NDUuNzQ4OTkzIiwiX3Nlc3Npb25fZXhwaXJ5IjozNjAwLCJ1c2VybmFtZSI6ImRlZXByYWoifQ==", "expire_date": "2019-11-21T03:18:45.753Z"}}, {"model": "MyAppIADS.publisher", "pk": 1, "fields": {"name": "Wiley", "website": "https://www.wiley.com/", "city": "Hoboken", "country": "USA"}}, {"model": "MyAppIADS.publisher", "pk": 2, "fields": {"name": "Pearson", "website": "https://www.pearson.com/", "city": "London", "country": "USA"}}, {"model": "MyAppIADS.publisher", "pk": 3, "fields": {"name": "Random House", "website": "http://www.randomhousebooks.com/", "city": "New York", "country": "USA"}}, {"model": "MyAppIADS.book", "pk": 1, "fields": {"title": "Advanced Optical Networks", "category": "S", "num_pages": 110, "price": "98.99", "publisher": 1, "description": "", "num_reviews": 2}}, {"model": "MyAppIADS.book", "pk": 2, "fields": {"title": "Wireless Networks", "category": "S", "num_pages": 300, "price": "187.54", "publisher": 2, "description": "", "num_reviews": 0}}, {"model": "MyAppIADS.book", "pk": 3, "fields": {"title": "A New World", "category": "T", "num_pages": 75, "price": "60.00", "publisher": 3, "description": "", "num_reviews": 0}}, {"model": "MyAppIADS.book", "pk": 4, "fields": {"title": "Python Programming", "category": "S", "num_pages": 275, "price": "125.99", "publisher": 2, "description": "", "num_reviews": 0}}, {"model": "MyAppIADS.book", "pk": 5, "fields": {"title": "A Good Story", "category": "F", "num_pages": 155, "price": "15.00", "publisher": 3, "description": "", "num_reviews": 0}}, {"model": "MyAppIADS.book", "pk": 6, "fields": {"title": "Jane Austen", "category": "B", "num_pages": 360, "price": "45.50", "publisher": 3, "description": "", "num_reviews": 0}}, {"model": "MyAppIADS.book", "pk": 7, "fields": {"title": "Jane Eyre", "category": "F", "num_pages": 280, "price": "9.99", "publisher": 3, "description": "", "num_reviews": 0}}, {"model": "MyAppIADS.book", "pk": 8, "fields": {"title": "Art History", "category": "O", "num_pages": 430, "price": "155.75", "publisher": 1, "description": "", "num_reviews": 0}}, {"model": "MyAppIADS.review", "pk": 1, "fields": {"reviewer": "deepraj96@gmail.com", "book": 2, "rating": 2, "comments": "djbfjdhfkdsf", "date": "2019-11-13"}}, {"model": "MyAppIADS.review", "pk": 2, "fields": {"reviewer": "deepraj96@gmail.com", "book": 3, "rating": 2, "comments": "djbfjdhfkdsf", "date": "2019-11-13"}}, {"model": "MyAppIADS.review", "pk": 3, "fields": {"reviewer": "12312@xzd.ca", "book": 2, "rating": 10, "comments": "dassadas", "date": "2019-11-13"}}, {"model": "MyAppIADS.review", "pk": 4, "fields": {"reviewer": "sad@dsf.dasd", "book": 2, "rating": 2, "comments": "sads", "date": "2019-11-13"}}, {"model": "MyAppIADS.review", "pk": 5, "fields": {"reviewer": "dasd@dada.asdsa", "book": 3, "rating": 1, "comments": "dasa", "date": "2019-11-13"}}, {"model": "MyAppIADS.review", "pk": 6, "fields": {"reviewer": "dasd@dad.da", "book": 6, "rating": 1, "comments": "", "date": "2019-11-13"}}, {"model": "MyAppIADS.review", "pk": 7, "fields": {"reviewer": "jingarani@gmail.com", "book": 1, "rating": 2, "comments": "", "date": "2019-11-11"}}, {"model": "MyAppIADS.review", "pk": 8, "fields": {"reviewer": "jingarani@gmail.com", "book": 1, "rating": 2, "comments": "", "date": "2019-11-11"}}, {"model": "MyAppIADS.review", "pk": 9, "fields": {"reviewer": "jingarani@gmail.com", "book": 2, "rating": 5, "comments": "werew", "date": "2019-11-18"}}, {"model": "MyAppIADS.review", "pk": 10, "fields": {"reviewer": "deepraj96@gmail.com", "book": 1, "rating": 5, "comments": "afadf", "date": "2019-11-18"}}, {"model": "MyAppIADS.review", "pk": 11, "fields": {"reviewer": "jingarani@gmail.com", "book": 1, "rating": 4, "comments": "", "date": "2019-11-18"}}, {"model": "MyAppIADS.review", "pk": 12, "fields": {"reviewer": "jingarani@gmail.com", "book": 1, "rating": 4, "comments": "", "date": "2019-11-18"}}, {"model": "MyAppIADS.review", "pk": 13, "fields": {"reviewer": "jingarani@gmail.com", "book": 1, "rating": 4, "comments": "", "date": "2019-11-18"}}, {"model": "MyAppIADS.review", "pk": 14, "fields": {"reviewer": "jingarani@gmail.com", "book": 1, "rating": 4, "comments": "", "date": "2019-11-18"}}, {"model": "MyAppIADS.review", "pk": 15, "fields": {"reviewer": "jingarani@gmail.com", "book": 1, "rating": 4, "comments": "", "date": "2019-11-18"}}, {"model": "MyAppIADS.review", "pk": 16, "fields": {"reviewer": "jingarani@gmail.com", "book": 1, "rating": 4, "comments": "", "date": "2019-11-18"}}, {"model": "MyAppIADS.review", "pk": 17, "fields": {"reviewer": "deepraj96@gmail.com", "book": 5, "rating": 5, "comments": "", "date": "2019-11-18"}}, {"model": "MyAppIADS.review", "pk": 18, "fields": {"reviewer": "deepraj96@gmail.com", "book": 1, "rating": 5, "comments": "", "date": "2019-11-18"}}, {"model": "MyAppIADS.review", "pk": 19, "fields": {"reviewer": "deepraj96@gmail.com", "book": 1, "rating": 5, "comments": "", "date": "2019-11-18"}}, {"model": "MyAppIADS.review", "pk": 20, "fields": {"reviewer": "deepraj96@gmail.com", "book": 1, "rating": 5, "comments": "", "date": "2019-11-18"}}, {"model": "MyAppIADS.review", "pk": 21, "fields": {"reviewer": "deepraj96@gmail.com", "book": 1, "rating": 5, "comments": "", "date": "2019-11-18"}}, {"model": "auth.permission", "pk": 1, "fields": {"name": "Can add log entry", "content_type": 1, "codename": "add_logentry"}}, {"model": "auth.permission", "pk": 2, "fields": {"name": "Can change log entry", "content_type": 1, "codename": "change_logentry"}}, {"model": "auth.permission", "pk": 3, "fields": {"name": "Can delete log entry", "content_type": 1, "codename": "delete_logentry"}}, {"model": "auth.permission", "pk": 4, "fields": {"name": "Can view log entry", "content_type": 1, "codename": "view_logentry"}}, {"model": "auth.permission", "pk": 5, "fields": {"name": "Can add permission", "content_type": 2, "codename": "add_permission"}}, {"model": "auth.permission", "pk": 6, "fields": {"name": "Can change permission", "content_type": 2, "codename": "change_permission"}}, {"model": "auth.permission", "pk": 7, "fields": {"name": "Can delete permission", "content_type": 2, "codename": "delete_permission"}}, {"model": "auth.permission", "pk": 8, "fields": {"name": "Can view permission", "content_type": 2, "codename": "view_permission"}}, {"model": "auth.permission", "pk": 9, "fields": {"name": "Can add group", "content_type": 3, "codename": "add_group"}}, {"model": "auth.permission", "pk": 10, "fields": {"name": "Can change group", "content_type": 3, "codename": "change_group"}}, {"model": "auth.permission", "pk": 11, "fields": {"name": "Can delete group", "content_type": 3, "codename": "delete_group"}}, {"model": "auth.permission", "pk": 12, "fields": {"name": "Can view group", "content_type": 3, "codename": "view_group"}}, {"model": "auth.permission", "pk": 13, "fields": {"name": "Can add user", "content_type": 4, "codename": "add_user"}}, {"model": "auth.permission", "pk": 14, "fields": {"name": "Can change user", "content_type": 4, "codename": "change_user"}}, {"model": "auth.permission", "pk": 15, "fields": {"name": "Can delete user", "content_type": 4, "codename": "delete_user"}}, {"model": "auth.permission", "pk": 16, "fields": {"name": "Can view user", "content_type": 4, "codename": "view_user"}}, {"model": "auth.permission", "pk": 17, "fields": {"name": "Can add content type", "content_type": 5, "codename": "add_contenttype"}}, {"model": "auth.permission", "pk": 18, "fields": {"name": "Can change content type", "content_type": 5, "codename": "change_contenttype"}}, {"model": "auth.permission", "pk": 19, "fields": {"name": "Can delete content type", "content_type": 5, "codename": "delete_contenttype"}}, {"model": "auth.permission", "pk": 20, "fields": {"name": "Can view content type", "content_type": 5, "codename": "view_contenttype"}}, {"model": "auth.permission", "pk": 21, "fields": {"name": "Can add session", "content_type": 6, "codename": "add_session"}}, {"model": "auth.permission", "pk": 22, "fields": {"name": "Can change session", "content_type": 6, "codename": "change_session"}}, {"model": "auth.permission", "pk": 23, "fields": {"name": "Can delete session", "content_type": 6, "codename": "delete_session"}}, {"model": "auth.permission", "pk": 24, "fields": {"name": "Can view session", "content_type": 6, "codename": "view_session"}}, {"model": "auth.permission", "pk": 25, "fields": {"name": "Can add publisher", "content_type": 7, "codename": "add_publisher"}}, {"model": "auth.permission", "pk": 26, "fields": {"name": "Can change publisher", "content_type": 7, "codename": "change_publisher"}}, {"model": "auth.permission", "pk": 27, "fields": {"name": "Can delete publisher", "content_type": 7, "codename": "delete_publisher"}}, {"model": "auth.permission", "pk": 28, "fields": {"name": "Can view publisher", "content_type": 7, "codename": "view_publisher"}}, {"model": "auth.permission", "pk": 29, "fields": {"name": "Can add book", "content_type": 8, "codename": "add_book"}}, {"model": "auth.permission", "pk": 30, "fields": {"name": "Can change book", "content_type": 8, "codename": "change_book"}}, {"model": "auth.permission", "pk": 31, "fields": {"name": "Can delete book", "content_type": 8, "codename": "delete_book"}}, {"model": "auth.permission", "pk": 32, "fields": {"name": "Can view book", "content_type": 8, "codename": "view_book"}}, {"model": "auth.permission", "pk": 33, "fields": {"name": "Can add user", "content_type": 9, "codename": "add_member"}}, {"model": "auth.permission", "pk": 34, "fields": {"name": "Can change user", "content_type": 9, "codename": "change_member"}}, {"model": "auth.permission", "pk": 35, "fields": {"name": "Can delete user", "content_type": 9, "codename": "delete_member"}}, {"model": "auth.permission", "pk": 36, "fields": {"name": "Can view user", "content_type": 9, "codename": "view_member"}}, {"model": "auth.permission", "pk": 37, "fields": {"name": "Can add order", "content_type": 10, "codename": "add_order"}}, {"model": "auth.permission", "pk": 38, "fields": {"name": "Can change order", "content_type": 10, "codename": "change_order"}}, {"model": "auth.permission", "pk": 39, "fields": {"name": "Can delete order", "content_type": 10, "codename": "delete_order"}}, {"model": "auth.permission", "pk": 40, "fields": {"name": "Can view order", "content_type": 10, "codename": "view_order"}}, {"model": "auth.permission", "pk": 41, "fields": {"name": "Can add review", "content_type": 11, "codename": "add_review"}}, {"model": "auth.permission", "pk": 42, "fields": {"name": "Can change review", "content_type": 11, "codename": "change_review"}}, {"model": "auth.permission", "pk": 43, "fields": {"name": "Can delete review", "content_type": 11, "codename": "delete_review"}}, {"model": "auth.permission", "pk": 44, "fields": {"name": "Can view review", "content_type": 11, "codename": "view_review"}}, {"model": "auth.user", "pk": 1, "fields": {"password": "pbkdf2_sha256$150000$z0osf9CDqKbI$GIjPdkT4DG2WHHMIewePMmB3oJLANUxbqvCez9eL3jA=", "last_login": "2019-12-05T09:10:40.288Z", "is_superuser": true, "username": "deepraj", "first_name": "", "last_name": "", "email": "darbar@uwindsor.ca", "is_staff": true, "is_active": true, "date_joined": "2019-09-25T16:36:20.108Z", "groups": [], "user_permissions": []}}, {"model": "auth.user", "pk": 2, "fields": {"password": "admin", "last_login": "2019-10-02T18:00:18Z", "is_superuser": false, "username": "johnsmith", "first_name": "John", "last_name": "Smith", "email": "", "is_staff": false, "is_active": true, "date_joined": "2019-08-26T17:58:19Z", "groups": [], "user_permissions": []}}, {"model": "auth.user", "pk": 3, "fields": {"password": "admin", "last_login": "2019-10-02T18:05:52Z", "is_superuser": false, "username": "maryhall", "first_name": "Mary", "last_name": "Hall", "email": "", "is_staff": false, "is_active": true, "date_joined": "2019-10-02T18:05:42Z", "groups": [], "user_permissions": []}}, {"model": "auth.user", "pk": 4, "fields": {"password": "admin", "last_login": null, "is_superuser": false, "username": "alanjones", "first_name": "Alan", "last_name": "Jones", "email": "", "is_staff": false, "is_active": true, "date_joined": "2019-10-02T18:06:49Z", "groups": [], "user_permissions": []}}, {"model": "auth.user", "pk": 5, "fields": {"password": "admin", "last_login": null, "is_superuser": false, "username": "joshjones", "first_name": "Josh", "last_name": "Jones", "email": "", "is_staff": false, "is_active": true, "date_joined": "2019-10-02T18:08:38Z", "groups": [], "user_permissions": []}}, {"model": "auth.user", "pk": 6, "fields": {"password": "admin", "last_login": null, "is_superuser": false, "username": "billwang", "first_name": "Bill Wang", "last_name": "", "email": "", "is_staff": false, "is_active": true, "date_joined": "2019-10-02T18:09:52Z", "groups": [], "user_permissions": []}}, {"model": "auth.user", "pk": 7, "fields": {"password": "admin", "last_login": null, "is_superuser": false, "username": "annewang", "first_name": "Anne", "last_name": "Wang", "email": "", "is_staff": false, "is_active": true, "date_joined": "2019-10-02T18:11:20Z", "groups": [], "user_permissions": []}}, {"model": "auth.user", "pk": 8, "fields": {"password": "pbkdf2_sha256$150000$AC7D7TnNCnVA$0Jp9wkEXAddYkjYJoNnf8ZNm6r6E3K0P8BBS5t2Elu8=", "last_login": "2019-12-05T09:18:52.033Z", "is_superuser": false, "username": "ChrisCook", "first_name": "Chris", "last_name": "Cook", "email": "Chriscook@gmail.com", "is_staff": false, "is_active": true, "date_joined": "2019-12-04T20:16:48.796Z", "groups": [], "user_permissions": []}}, {"model": "MyAppIADS.member", "pk": 2, "fields": {"status": 2, "address": "123 University Avenue\tWindsor", "city": "Windsor", "province": "ON", "last_renewal": "2019-10-02", "auto_renew": true, "image": "", "groups": [], "user_permissions": [], "borrowed_books": [1, 2, 3, 4]}}, {"model": "MyAppIADS.member", "pk": 3, "fields": {"status": 1, "address": "456 Sunset Avenue", "city": "Windsor", "province": "ON", "last_renewal": "2019-06-14", "auto_renew": true, "image": "", "groups": [], "user_permissions": [], "borrowed_books": [1, 3]}}, {"model": "MyAppIADS.member", "pk": 4, "fields": {"status": 1, "address": "789 King Street", "city": "Calgary", "province": "AB", "last_renewal": "2019-07-22", "auto_renew": false, "image": "", "groups": [], "user_permissions": [], "borrowed_books": [2]}}, {"model": "MyAppIADS.member", "pk": 5, "fields": {"status": 3, "address": "456 Sunset Avenue", "city": "Montreal", "province": "QC", "last_renewal": "2019-06-10", "auto_renew": false, "image": "", "groups": [], "user_permissions": [], "borrowed_books": []}}, {"model": "MyAppIADS.member", "pk": 6, "fields": {"status": 2, "address": "", "city": "Edmonton", "province": "AB", "last_renewal": "2019-06-28", "auto_renew": true, "image": "", "groups": [], "user_permissions": [], "borrowed_books": [3, 7, 8]}}, {"model": "MyAppIADS.member", "pk": 7, "fields": {"status": 2, "address": "102 Curry Avenue", "city": "Edmononton", "province": "AB", "last_renewal": "2019-10-02", "auto_renew": true, "image": "", "groups": [], "user_permissions": [], "borrowed_books": []}}, {"model": "MyAppIADS.member", "pk": 8, "fields": {"status": 1, "address": "575 Mckay", "city": "Windsor", "province": "ON", "last_renewal": "2019-12-04", "auto_renew": true, "image": "profile_imamge/0151db57a8294b54c958983d9473c895.jpg", "groups": [], "user_permissions": [], "borrowed_books": []}}, {"model": "MyAppIADS.order", "pk": 1, "fields": {"member": 2, "order_type": 1, "order_date": "2019-07-02", "books": [1, 2]}}, {"model": "MyAppIADS.order", "pk": 2, "fields": {"member": 2, "order_type": 1, "order_date": "2019-06-19", "books": [3, 4]}}, {"model": "MyAppIADS.order", "pk": 3, "fields": {"member": 3, "order_type": 1, "order_date": "2019-07-02", "books": [1, 3]}}, {"model": "MyAppIADS.order", "pk": 4, "fields": {"member": 4, "order_type": 1, "order_date": "2019-07-24", "books": [2]}}, {"model": "MyAppIADS.order", "pk": 5, "fields": {"member": 6, "order_type": 1, "order_date": "2019-07-02", "books": [3, 7, 8]}}, {"model": "MyAppIADS.order", "pk": 6, "fields": {"member": 3, "order_type": 0, "order_date": "2019-06-25", "books": [5, 6]}}, {"model": "MyAppIADS.order", "pk": 7, "fields": {"member": 5, "order_type": 0, "order_date": "2019-07-02", "books": [5, 8]}}, {"model": "MyAppIADS.order", "pk": 16, "fields": {"member": 2, "order_type": 0, "order_date": "2019-11-13", "books": [1, 2]}}, {"model": "MyAppIADS.order", "pk": 17, "fields": {"member": 2, "order_type": 1, "order_date": "2019-11-13", "books": [1, 2]}}, {"model": "MyAppIADS.order", "pk": 18, "fields": {"member": 8, "order_type": 0, "order_date": "2019-12-05", "books": [1, 3]}}, {"model": "MyAppIADS.order", "pk": 19, "fields": {"member": 8, "order_type": 1, "order_date": "2019-12-05", "books": [7, 8]}}, {"model": "admin.logentry", "pk": 1, "fields": {"action_time": "2019-09-25T16:43:01.761Z", "user": 1, "content_type": 7, "object_id": "1", "object_repr": "Publisher object (1)", "action_flag": 1, "change_message": "[{\"added\": {}}]"}}, {"model": "admin.logentry", "pk": 2, "fields": {"action_time": "2019-09-25T16:43:20.643Z", "user": 1, "content_type": 7, "object_id": "2", "object_repr": "Publisher object (2)", "action_flag": 1, "change_message": "[{\"added\": {}}]"}}, {"model": "admin.logentry", "pk": 3, "fields": {"action_time": "2019-09-25T16:43:45.052Z", "user": 1, "content_type": 7, "object_id": "3", "object_repr": "Publisher object (3)", "action_flag": 1, "change_message": "[{\"added\": {}}]"}}, {"model": "admin.logentry", "pk": 4, "fields": {"action_time": "2019-09-25T16:43:47.086Z", "user": 1, "content_type": 7, "object_id": "3", "object_repr": "Publisher object (3)", "action_flag": 2, "change_message": "[]"}}, {"model": "admin.logentry", "pk": 5, "fields": {"action_time": "2019-09-25T16:44:42.947Z", "user": 1, "content_type": 8, "object_id": "1", "object_repr": "Book object (1)", "action_flag": 1, "change_message": "[{\"added\": {}}]"}}, {"model": "admin.logentry", "pk": 6, "fields": {"action_time": "2019-09-25T16:45:09.610Z", "user": 1, "content_type": 8, "object_id": "2", "object_repr": "Book object (2)", "action_flag": 1, "change_message": "[{\"added\": {}}]"}}, {"model": "admin.logentry", "pk": 7, "fields": {"action_time": "2019-09-25T16:45:34.125Z", "user": 1, "content_type": 8, "object_id": "3", "object_repr": "Book object (3)", "action_flag": 1, "change_message": "[{\"added\": {}}]"}}, {"model": "admin.logentry", "pk": 8, "fields": {"action_time": "2019-09-25T16:45:57.999Z", "user": 1, "content_type": 8, "object_id": "4", "object_repr": "Book object (4)", "action_flag": 1, "change_message": "[{\"added\": {}}]"}}, {"model": "admin.logentry", "pk": 9, "fields": {"action_time": "2019-09-25T16:46:21.281Z", "user": 1, "content_type": 8, "object_id": "5", "object_repr": "Book object (5)", "action_flag": 1, "change_message": "[{\"added\": {}}]"}}, {"model": "admin.logentry", "pk": 10, "fields": {"action_time": "2019-09-25T16:53:03.625Z", "user": 1, "content_type": 8, "object_id": "6", "object_repr": "Book object (6)", "action_flag": 1, "change_message": "[{\"added\": {}}]"}}, {"model": "admin.logentry", "pk": 11, "fields": {"action_time": "2019-09-25T16:53:27.012Z", "user": 1, "content_type": 8, "object_id": "7", "object_repr": "Book object (7)", "action_flag": 1, "change_message": "[{\"added\": {}}]"}}, {"model": "admin.logentry", "pk": 12, "fields": {"action_time": "2019-09-25T16:53:47.119Z", "user": 1, "content_type": 8, "object_id": "8", "object_repr": "Book object (8)", "action_flag": 1, "change_message": "[{\"added\": {}}]"}}, {"model": "admin.logentry", "pk": 13, "fields": {"action_time": "2019-10-02T17:04:00.369Z", "user": 1, "content_type": 8, "object_id": "1", "object_repr": "Book object (1)", "action_flag": 2, "change_message": "[]"}}, {"model": "admin.logentry", "pk": 14, "fields": {"action_time": "2019-10-02T17:56:33.459Z", "user": 1, "content_type": 7, "object_id": "4", "object_repr": "Publisher object (4)", "action_flag": 1, "change_message": "[{\"added\": {}}]"}}, {"model": "admin.logentry", "pk": 15, "fields": {"action_time": "2019-10-02T17:56:54.096Z", "user": 1, "content_type": 7, "object_id": "4", "object_repr": "Publisher object (4)", "action_flag": 3, "change_message": ""}}, {"model": "admin.logentry", "pk": 16, "fields": {"action_time": "2019-10-02T18:03:41.551Z", "user": 1, "content_type": 9, "object_id": "2", "object_repr": "johnsmith", "action_flag": 1, "change_message": "[{\"added\": {}}]"}}, {"model": "admin.logentry", "pk": 17, "fields": {"action_time": "2019-10-02T18:06:49.158Z", "user": 1, "content_type": 9, "object_id": "3", "object_repr": "maryhall", "action_flag": 1, "change_message": "[{\"added\": {}}]"}}, {"model": "admin.logentry", "pk": 18, "fields": {"action_time": "2019-10-02T18:08:37.843Z", "user": 1, "content_type": 9, "object_id": "4", "object_repr": "alanjones", "action_flag": 1, "change_message": "[{\"added\": {}}]"}}, {"model": "admin.logentry", "pk": 19, "fields": {"action_time": "2019-10-02T18:09:52.816Z", "user": 1, "content_type": 9, "object_id": "5", "object_repr": "joshjones", "action_flag": 1, "change_message": "[{\"added\": {}}]"}}, {"model": "admin.logentry", "pk": 20, "fields": {"action_time": "2019-10-02T18:11:20.722Z", "user": 1, "content_type": 9, "object_id": "6", "object_repr": "billwang", "action_flag": 1, "change_message": "[{\"added\": {}}]"}}, {"model": "admin.logentry", "pk": 21, "fields": {"action_time": "2019-10-02T18:12:44.322Z", "user": 1, "content_type": 9, "object_id": "7", "object_repr": "annewang", "action_flag": 1, "change_message": "[{\"added\": {}}]"}}, {"model": "admin.logentry", "pk": 22, "fields": {"action_time": "2019-10-02T18:13:34.025Z", "user": 1, "content_type": 10, "object_id": "1", "object_repr": "Order object (1)", "action_flag": 1, "change_message": "[{\"added\": {}}]"}}, {"model": "admin.logentry", "pk": 23, "fields": {"action_time": "2019-10-02T18:13:53.431Z", "user": 1, "content_type": 10, "object_id": "2", "object_repr": "Order object (2)", "action_flag": 1, "change_message": "[{\"added\": {}}]"}}, {"model": "admin.logentry", "pk": 24, "fields": {"action_time": "2019-10-02T18:15:15.462Z", "user": 1, "content_type": 10, "object_id": "3", "object_repr": "Order object (3)", "action_flag": 1, "change_message": "[{\"added\": {}}]"}}, {"model": "admin.logentry", "pk": 25, "fields": {"action_time": "2019-10-02T18:15:31.089Z", "user": 1, "content_type": 10, "object_id": "4", "object_repr": "Order object (4)", "action_flag": 1, "change_message": "[{\"added\": {}}]"}}, {"model": "admin.logentry", "pk": 26, "fields": {"action_time": "2019-10-02T18:16:14.344Z", "user": 1, "content_type": 10, "object_id": "5", "object_repr": "Order object (5)", "action_flag": 1, "change_message": "[{\"added\": {}}]"}}, {"model": "admin.logentry", "pk": 27, "fields": {"action_time": "2019-10-02T18:16:48.726Z", "user": 1, "content_type": 10, "object_id": "6", "object_repr": "Order object (6)", "action_flag": 1, "change_message": "[{\"added\": {}}]"}}, {"model": "admin.logentry", "pk": 28, "fields": {"action_time": "2019-10-02T18:17:11.303Z", "user": 1, "content_type": 10, "object_id": "7", "object_repr": "Order object (7)", "action_flag": 1, "change_message": "[{\"added\": {}}]"}}, {"model": "admin.logentry", "pk": 29, "fields": {"action_time": "2019-10-02T18:18:58.432Z", "user": 1, "content_type": 9, "object_id": "6", "object_repr": "billwang", "action_flag": 2, "change_message": "[{\"changed\": {\"fields\": [\"status\"]}}]"}}, {"model": "admin.logentry", "pk": 30, "fields": {"action_time": "2019-10-09T20:35:05.491Z", "user": 1, "content_type": 7, "object_id": "3", "object_repr": "Random House", "action_flag": 2, "change_message": "[{\"changed\": {\"fields\": [\"city\"]}}]"}}, {"model": "admin.logentry", "pk": 31, "fields": {"action_time": "2019-10-09T20:35:16.220Z", "user": 1, "content_type": 7, "object_id": "2", "object_repr": "Pearson", "action_flag": 2, "change_message": "[{\"changed\": {\"fields\": [\"city\"]}}]"}}, {"model": "admin.logentry", "pk": 32, "fields": {"action_time": "2019-10-09T20:35:23.838Z", "user": 1, "content_type": 7, "object_id": "1", "object_repr": "Wiley", "action_flag": 2, "change_message": "[{\"changed\": {\"fields\": [\"city\"]}}]"}}, {"model": "admin.logentry", "pk": 33, "fields": {"action_time": "2019-11-13T17:53:47.695Z", "user": 1, "content_type": 10, "object_id": "8", "object_repr": "John Smith 2019-11-13 0 8", "action_flag": 3, "change_message": ""}}, {"model": "admin.logentry", "pk": 34, "fields": {"action_time": "2019-11-13T17:53:57.055Z", "user": 1, "content_type": 10, "object_id": "15", "object_repr": "Mary Hall 2019-11-13 0 15", "action_flag": 3, "change_message": ""}}, {"model": "admin.logentry", "pk": 35, "fields": {"action_time": "2019-11-13T17:54:03.366Z", "user": 1, "content_type": 10, "object_id": "14", "object_repr": "Mary Hall 2019-11-13 0 14", "action_flag": 3, "change_message": ""}}, {"model": "admin.logentry", "pk": 36, "fields": {"action_time": "2019-11-13T17:54:12.871Z", "user": 1, "content_type": 10, "object_id": "13", "object_repr": "John Smith 2019-11-13 0 13", "action_flag": 3, "change_message": ""}}, {"model": "admin.logentry", "pk": 37, "fields": {"action_time": "2019-11-13T17:54:24.934Z", "user": 1, "content_type": 10, "object_id": "12", "object_repr": "John Smith 2019-11-13 0 12", "action_flag": 3, "change_message": ""}}, {"model": "admin.logentry", "pk": 38, "fields": {"action_time": "2019-11-13T17:54:30.369Z", "user": 1, "content_type": 10, "object_id": "11", "object_repr": "John Smith 2019-11-13 0 11", "action_flag": 3, "change_message": ""}}, {"model": "admin.logentry", "pk": 39, "fields": {"action_time": "2019-11-13T17:54:35.837Z", "user": 1, "content_type": 10, "object_id": "10", "object_repr": "John Smith 2019-11-13 0 10", "action_flag": 3, "change_message": ""}}, {"model": "admin.logentry", "pk": 40, "fields": {"action_time": "2019-11-13T17:54:41.741Z", "user": 1, "content_type": 10, "object_id": "9", "object_repr": "Mary Hall 2019-11-13 0 9", "action_flag": 3, "change_message": ""}}, {"model": "admin.logentry", "pk": 41, "fields": {"action_time": "2019-12-04T19:35:39.680Z", "user": 1, "content_type": 8, "object_id": "7", "object_repr": "Jane Eyre", "action_flag": 2, "change_message": "[{\"changed\": {\"fields\": [\"price\"]}}]"}}, {"model": "admin.logentry", "pk": 42, "fields": {"action_time": "2019-12-04T19:35:48.803Z", "user": 1, "content_type": 8, "object_id": "6", "object_repr": "Jane Austen", "action_flag": 2, "change_message": "[{\"changed\": {\"fields\": [\"price\"]}}]"}}, {"model": "admin.logentry", "pk": 43, "fields": {"action_time": "2019-12-04T19:36:11.519Z", "user": 1, "content_type": 8, "object_id": "5", "object_repr": "A Good Story", "action_flag": 2, "change_message": "[{\"changed\": {\"fields\": [\"price\"]}}]"}}, {"model": "admin.logentry", "pk": 44, "fields": {"action_time": "2019-12-04T22:12:01.982Z", "user": 1, "content_type": 8, "object_id": "7", "object_repr": "Jane Eyre", "action_flag": 2, "change_message": "[]"}}, {"model": "admin.logentry", "pk": 45, "fields": {"action_time": "2019-12-04T23:09:54.838Z", "user": 1, "content_type": 9, "object_id": "8", "object_repr": "Chris Cook", "action_flag": 2, "change_message": "[{\"changed\": {\"fields\": [\"address\"]}}]"}}, {"model": "admin.logentry", "pk": 46, "fields": {"action_time": "2019-12-05T00:04:00.209Z", "user": 1, "content_type": 10, "object_id": "18", "object_repr": "Chris Cook 2019-12-05 2 18", "action_flag": 1, "change_message": "[{\"added\": {}}]"}}, {"model": "admin.logentry", "pk": 47, "fields": {"action_time": "2019-12-05T00:04:14.719Z", "user": 1, "content_type": 10, "object_id": "19", "object_repr": "Chris Cook 2019-12-05 2 19", "action_flag": 1, "change_message": "[{\"added\": {}}]"}}, {"model": "admin.logentry", "pk": 48, "fields": {"action_time": "2019-12-05T06:06:15.417Z", "user": 1, "content_type": 9, "object_id": "8", "object_repr": "Chris Cook", "action_flag": 2, "change_message": "[{\"changed\": {\"fields\": [\"status\"]}}]"}}, {"model": "admin.logentry", "pk": 49, "fields": {"action_time": "2019-12-05T06:18:56.156Z", "user": 1, "content_type": 9, "object_id": "8", "object_repr": "Chris Cook", "action_flag": 2, "change_message": "[{\"changed\": {\"fields\": [\"status\"]}}]"}}, {"model": "admin.logentry", "pk": 50, "fields": {"action_time": "2019-12-05T06:19:55.240Z", "user": 1, "content_type": 9, "object_id": "8", "object_repr": "Chris Cook", "action_flag": 2, "change_message": "[{\"changed\": {\"fields\": [\"status\"]}}]"}}, {"model": "admin.logentry", "pk": 51, "fields": {"action_time": "2019-12-05T08:48:33.729Z", "user": 1, "content_type": 9, "object_id": "8", "object_repr": "Chris Cook", "action_flag": 2, "change_message": "[{\"changed\": {\"fields\": [\"image\"]}}]"}}, {"model": "admin.logentry", "pk": 52, "fields": {"action_time": "2019-12-05T08:49:18.091Z", "user": 1, "content_type": 9, "object_id": "8", "object_repr": "Chris Cook", "action_flag": 2, "change_message": "[{\"changed\": {\"fields\": [\"image\"]}}]"}}, {"model": "admin.logentry", "pk": 53, "fields": {"action_time": "2019-12-05T08:57:11.633Z", "user": 1, "content_type": 9, "object_id": "8", "object_repr": "Chris Cook", "action_flag": 2, "change_message": "[{\"changed\": {\"fields\": [\"image\"]}}]"}}, {"model": "admin.logentry", "pk": 54, "fields": {"action_time": "2019-12-05T09:01:13.782Z", "user": 1, "content_type": 9, "object_id": "8", "object_repr": "Chris Cook", "action_flag": 2, "change_message": "[{\"changed\": {\"fields\": [\"image\"]}}]"}}]